datePlayed,comedy,design,finance,food,interview,music,news,politics,society,tech,lag ratio,window,60,,
7/24/17,,0,,,0,,,0,0,1,0.2,20.00%,1,FALSE,#VALUE!
7/25/17,,,,,,,,,,,1,60.00%,2,TRUE,TRUE
7/26/17,,0.5,,,1,0,,0.666666667,,1,0.633333333,61.11%,3,FALSE,TRUE
7/27/17,1,1,,,1,,,1,1,1,1,70.83%,4,FALSE,TRUE
7/28/17,,,,,,,,,,0.5,0.5,66.67%,5,FALSE,TRUE
7/29/17,1,1,1,,0,0.5,,1,0.8,0,0.6625,66.60%,6,FALSE,TRUE
7/30/17,,,,,,,,0.5,1,1,0.833333333,68.99%,7,FALSE,TRUE
7/31/17,1,0,,,0.5,0,,0.5,0.25,0.333333333,0.369047619,64.98%,8,FALSE,TRUE
8/1/17,,0.5,0,,,,,1,,,0.5,63.31%,9,FALSE,TRUE
8/2/17,,1,,,,,,1,1,,1,66.98%,10,FALSE,TRUE
8/3/17,1,1,,,1,,,1,1,1,1,69.98%,11,FALSE,TRUE
8/4/17,,,,,,,,,,,1,72.49%,12,TRUE,TRUE
8/5/17,1,,,,,,,,,,1,74.60%,13,FALSE,TRUE
8/6/17,,,0,,,0,,1,1,0.333333333,0.466666667,72.61%,14,FALSE,TRUE
8/7/17,1,,,,0,,,1,1,0.333333333,0.666666667,72.21%,15,FALSE,TRUE
8/8/17,1,1,,,,,,1,,1,1,73.95%,16,FALSE,TRUE
8/9/17,0.333333333,1,0,,,0.333333333,,0.666666667,1,0.5,0.547619048,72.82%,17,FALSE,TRUE
8/10/17,1,,1,,,,,,0,0.666666667,0.666666667,72.48%,18,FALSE,TRUE
8/11/17,1,1,,,,,,1,1,,1,73.93%,19,FALSE,TRUE
8/12/17,1,1,,,,,,,,1,1,75.23%,20,FALSE,TRUE
8/13/17,1,0,1,,0,0.25,,0,0.5,0.4,0.39375,73.52%,21,FALSE,TRUE
8/14/17,,,,,0,,,,,1,0.5,72.45%,22,FALSE,TRUE
8/15/17,,1,,,1,1,,1,1,,1,73.65%,23,FALSE,TRUE
8/16/17,1,1,,,1,1,,1,1,,1,74.75%,24,FALSE,TRUE
8/17/17,1,1,,,,1,,,1,1,1,75.76%,25,FALSE,TRUE
8/18/17,0.666666667,,1,,,1,,1,1,0,0.777777778,75.84%,26,FALSE,TRUE
8/19/17,1,1,,,,0.666666667,,1,1,0.5,0.861111111,76.22%,27,FALSE,TRUE
8/20/17,,,,,,,,,1,,1,77.07%,28,FALSE,TRUE
8/21/17,1,,,,1,,,1,1,1,1,77.86%,29,FALSE,TRUE
8/22/17,0.5,1,,,,,,,1,,0.833333333,78.04%,30,FALSE,TRUE
8/23/17,,1,,,,1,,1,0.666666667,,0.916666667,78.48%,31,FALSE,TRUE
8/24/17,1,1,,,,,,1,,1,1,79.15%,32,FALSE,TRUE
8/25/17,1,0.5,,,,1,,1,1,1,0.916666667,79.53%,33,FALSE,TRUE
8/26/17,1,,,,,,,1,1,,1,80.13%,34,FALSE,TRUE
8/27/17,1,1,1,,0.5,0.5,,,0.714285714,0,0.673469388,79.77%,35,FALSE,TRUE
8/28/17,,1,,,1,1,,,1,1,1,80.33%,36,FALSE,TRUE
8/29/17,,1,,,,,,1,1,,1,80.86%,37,FALSE,TRUE
8/30/17,,1,,,,,,,1,,1,81.36%,38,FALSE,TRUE
8/31/17,1,1,,,,,,1,,1,1,81.84%,39,FALSE,TRUE
9/1/17,1,,,,,,,,1,1,1,82.30%,40,FALSE,TRUE
9/2/17,1,1,,,0,1,,0.75,0.875,1,0.803571429,82.25%,41,FALSE,TRUE
9/3/17,1,,,,,0.5,,,0.5,,0.666666667,81.88%,42,FALSE,TRUE
9/4/17,0,1,1,,1,,,,,1,0.8,81.83%,43,FALSE,TRUE
9/5/17,,1,,,,,,,,1,1,82.25%,44,FALSE,TRUE
9/6/17,1,1,,,1,1,,1,1,0.333333333,0.904761905,82.43%,45,FALSE,TRUE
9/7/17,1,,,,,1,,,0,,0.666666667,82.09%,46,FALSE,TRUE
9/8/17,1,1,,,,,,1,1,,1,82.47%,47,FALSE,TRUE
9/9/17,1,1,0.5,,0.5,0.5,,1,0.857142857,1,0.794642857,82.41%,48,FALSE,TRUE
9/10/17,1,,,,,,,,1,,1,82.77%,49,FALSE,TRUE
9/11/17,,,,,,,,,,1,1,83.11%,50,FALSE,TRUE
9/12/17,,1,,,,,,,1,,1,83.44%,51,FALSE,TRUE
9/13/17,,,,,,,,1,,1,1,83.76%,52,FALSE,TRUE
9/14/17,1,,,,,1,,,1,1,1,84.07%,53,FALSE,TRUE
9/15/17,1,,,,,,,0.5,1,,0.833333333,84.05%,54,FALSE,TRUE
9/16/17,1,,,,,,,,,,1,84.34%,55,FALSE,TRUE
9/17/17,1,0.5,1,,0,0.6,,1,0.666666667,0.5,0.658333333,84.01%,56,FALSE,TRUE
9/18/17,,,,,1,,,,0.666666667,1,0.888888889,84.10%,57,FALSE,TRUE
9/19/17,1,0.5,,,,,,1,,0,0.625,83.72%,58,FALSE,TRUE
9/20/17,1,,,,,,,1,1,,1,84.00%,59,FALSE,TRUE
9/21/17,1,,,,1,,,,,,1,84.27%,60,FALSE,TRUE
9/22/17,,,,,1,0,,1,1,1,0.8,84.20%,61,FALSE,TRUE
9/23/17,1,0,1,,,0.333333333,,1,0.25,0.5,0.583333333,84.83%,62,FALSE,TRUE
9/24/17,0.666666667,1,1,,,1,,1,1,1,0.952380952,84.75%,63,FALSE,TRUE
9/25/17,1,,,,,1,,0,0,0.25,0.45,84.45%,64,FALSE,TRUE
9/26/17,,1,,,,,,1,1,1,1,84.45%,65,FALSE,TRUE
9/27/17,1,1,,,,,,1,,1,1,85.27%,66,FALSE,TRUE
9/28/17,,,,,,,,1,1,,1,85.82%,67,FALSE,TRUE
9/29/17,1,,,,,0,,,0,0,0.25,84.86%,68,FALSE,TRUE
9/30/17,1,1,1,,0,,,1,1,0.5,0.785714286,85.55%,69,FALSE,TRUE
10/1/17,1,0.25,,,0,0.5,,,0.5,0.428571429,0.446428571,85.46%,70,FALSE,TRUE
10/2/17,,,,,,,,,,,1,85.46%,71,TRUE,TRUE
10/3/17,1,,,,,,,1,,,1,85.46%,72,FALSE,TRUE
10/4/17,1,1,,,,1,,1,0.666666667,1,0.944444444,85.37%,73,FALSE,TRUE
10/5/17,1,1,1,,,,,,0,0.666666667,0.733333333,84.93%,74,FALSE,TRUE
10/6/17,,,,,0.5,,,1,,1,0.833333333,85.53%,75,FALSE,TRUE
10/7/17,1,0.5,1,,,0.666666667,,1,0.666666667,,0.805555556,85.76%,76,FALSE,TRUE
10/8/17,0.75,0.5,,,,1,,,,0.5,0.6875,85.25%,77,FALSE,TRUE
10/9/17,,,,,,,,,,,1,85.99%,78,TRUE,TRUE
10/10/17,1,,,,1,,,0,,,0.666666667,85.99%,79,FALSE,TRUE
10/11/17,1,1,,,,,,1,0.5,1,0.9,85.83%,80,FALSE,TRUE
10/12/17,0.5,,,,,1,,1,,,0.833333333,85.55%,81,FALSE,TRUE
10/13/17,,1,,,0,1,,,0,1,0.6,85.89%,82,FALSE,TRUE
10/14/17,1,,,,,,,1,1,1,1,86.71%,83,FALSE,TRUE
10/15/17,1,1,1,,,0.666666667,,0,1,0.333333333,0.714285714,86.24%,84,FALSE,TRUE
10/16/17,1,,,,,,,,1,,1,86.24%,85,FALSE,TRUE
10/17/17,0.666666667,0,,,,,,,0.5,,0.388888889,85.24%,86,FALSE,TRUE
10/18/17,,,,,,,,,,,1,85.60%,87,TRUE,TRUE
10/19/17,,,,,,,,1,0,,0.5,85.01%,88,FALSE,TRUE
10/20/17,,,,,,,,1,,,1,85.01%,89,FALSE,TRUE
10/21/17,1,,1,,,,,,0.666666667,0,0.666666667,84.47%,90,FALSE,TRUE
10/22/17,0.666666667,0,,,0,1,,0,0,0,0.238095238,83.49%,91,FALSE,TRUE
10/23/17,1,0,,,0,,,,0.666666667,0.25,0.383333333,82.62%,92,FALSE,TRUE
10/24/17,,0,,,,0.5,,0,0,,0.125,81.18%,93,FALSE,TRUE
10/25/17,,,,,,,,,,,1,81.32%,94,TRUE,TRUE
10/26/17,1,0.666666667,1,,1,1,,1,1,1,0.958333333,81.25%,95,FALSE,TRUE
10/27/17,,1,,,0,1,,,1,,0.75,81.37%,96,FALSE,TRUE
10/28/17,1,,1,,,0.666666667,,0,0.833333333,0.666666667,0.694444444,80.87%,97,FALSE,TRUE
10/29/17,,,,,,,,,1,,1,80.87%,98,FALSE,TRUE
10/30/17,,,,,,,,,,,1,80.87%,99,TRUE,TRUE
10/31/17,,,,,,,,,,,1,80.87%,100,TRUE,TRUE
11/1/17,,,,,,,,,,,1,80.87%,101,TRUE,TRUE
11/2/17,0,1,,,,1,,1,1,,0.8,80.87%,102,FALSE,TRUE
11/3/17,,0.5,0,,,,,,0,,0.166666667,80.05%,103,FALSE,TRUE
11/4/17,1,,1,,,0,,1,0.666666667,0,0.611111111,79.74%,104,FALSE,TRUE
11/5/17,0.666666667,,,,,,,1,,,0.833333333,79.47%,105,FALSE,TRUE
11/6/17,,,,,,,,,,,1,79.62%,106,TRUE,TRUE
11/7/17,,,,,,,,,,,1,80.17%,107,TRUE,TRUE
11/8/17,,,,,,,,,,,1,80.17%,108,TRUE,TRUE
11/9/17,,,,,,,,,,,1,80.50%,109,TRUE,TRUE
11/10/17,,,,,,,,,,,1,80.50%,110,TRUE,TRUE
11/11/17,0.333333333,0.111111111,,,0,0.25,,0.2,0.166666667,0.5,0.223015873,79.23%,111,FALSE,TRUE
11/12/17,0.6,0,,,0,0.5,,0.25,0.7,0.4,0.35,78.17%,112,FALSE,TRUE
11/13/17,,,,,0,,,,,0.5,0.25,76.94%,113,FALSE,TRUE
11/14/17,,,,,,,,,,,1,76.94%,114,TRUE,TRUE
11/15/17,,,,,,,,1,,0,0.5,76.39%,115,FALSE,TRUE
11/16/17,1,,,,,0.333333333,,,0,,0.444444444,75.48%,116,FALSE,TRUE
11/17/17,,0,,,0.5,1,,0,0,,0.3,74.89%,117,FALSE,TRUE
11/18/17,1,,,,,,,1,0.666666667,,0.888888889,74.89%,118,FALSE,TRUE
11/19/17,1,0,1,,,1,,0,0.666666667,0,0.523809524,74.73%,119,FALSE,TRUE
11/20/17,,,,,,0.5,,,0.4,0,0.3,73.58%,120,FALSE,TRUE
11/21/17,,,,,,,,,,,1,73.58%,121,TRUE,TRUE
11/22/17,,1,,,,1,,1,,,1,73.91%,122,FALSE,TRUE
11/23/17,1,1,1,,0.666666667,0.666666667,,0.5,1,0.666666667,0.8125,74.28%,123,FALSE,TRUE
11/24/17,1,1,,,,1,,1,1,,1,74.36%,124,FALSE,TRUE
11/25/17,0.333333333,,1,,,1,,1,1,0.666666667,0.833333333,74.99%,125,FALSE,TRUE
11/26/17,0.333333333,0,,,,0,,,0.166666667,0.333333333,0.166666667,73.62%,126,FALSE,TRUE
11/27/17,,,,,,1,,,,,1,73.62%,127,FALSE,TRUE
11/28/17,1,1,,,1,1,,1,1,1,1,73.62%,128,FALSE,TRUE
11/29/17,,,,,,,,,,,1,74.85%,129,TRUE,TRUE
11/30/17,,,,,,,,,,,1,75.20%,130,TRUE,TRUE
12/1/17,,,,,,,,,,,1,76.11%,131,TRUE,TRUE
12/2/17,1,,1,,,0,,1,1,,0.8,75.78%,132,FALSE,TRUE
12/3/17,0.666666667,0,,,0,1,,0.5,1,0.166666667,0.476190476,74.92%,133,FALSE,TRUE
12/4/17,,,,,,,,1,0,,0.5,74.19%,134,FALSE,TRUE
12/5/17,,,,,,,,,,,1,74.63%,135,TRUE,TRUE
12/6/17,1,,,,,,,,,,1,74.91%,136,FALSE,TRUE
12/7/17,,,,,,,,,,,1,75.22%,137,TRUE,TRUE
12/8/17,,,,,,,,,,,1,75.74%,138,TRUE,TRUE
12/9/17,1,1,1,,,0.5,,0.666666667,1,0.5,0.80952381,75.42%,139,FALSE,TRUE
12/10/17,1,,,,,1,,,,0.666666667,0.888888889,75.79%,140,FALSE,TRUE
12/11/17,,,,,1,,,,1,,1,75.95%,141,FALSE,TRUE
12/12/17,,,,,,,,,,,1,76.23%,142,TRUE,TRUE
12/13/17,,,,,,,,,,,1,76.88%,143,TRUE,TRUE
12/14/17,0,0,1,,,0.25,,,0,,0.25,75.65%,144,FALSE,TRUE
12/15/17,0.666666667,0,,,,0.25,,0,0.5,1,0.402777778,75.14%,145,FALSE,TRUE
12/16/17,1,0.333333333,0,,0.25,1,,1,0.6,1,0.647916667,74.56%,146,FALSE,TRUE
12/17/17,0,,,,,,,,1,0,0.333333333,74.47%,147,FALSE,TRUE
12/18/17,,,,,,,,,,,1,74.47%,148,TRUE,TRUE
12/19/17,,,,,,,,,,,1,75.29%,149,TRUE,TRUE
12/20/17,,1,1,,0.5,1,,1,1,1,0.928571429,75.18%,150,FALSE,TRUE
12/21/17,,,,,,,,,,,1,75.72%,151,TRUE,TRUE
12/22/17,1,1,1,,1,1,,1,,,1,76.97%,152,FALSE,TRUE
12/23/17,1,,,,0.666666667,,,1,1,0.571428571,0.847619048,77.73%,153,FALSE,TRUE
12/24/17,0.666666667,,1,,0.5,,,,0.8,0,0.593333333,78.50%,154,FALSE,TRUE
12/25/17,,0,,,0.5,0,,1,1,0.5,0.5,77.68%,155,FALSE,TRUE
12/26/17,,,,,,,,1,1,,1,77.75%,156,FALSE,TRUE
12/27/17,,,,,,1,,,,,1,78.16%,157,FALSE,TRUE
12/28/17,,,,,,,,,,,1,78.66%,158,TRUE,TRUE
12/29/17,1,0.5,1,,,,,,1,1,0.9,78.49%,159,FALSE,TRUE
12/30/17,0.5,0,,,0,0.5,,0,0.714285714,0.5,0.316326531,77.37%,160,FALSE,TRUE
12/31/17,1,,,,0,1,,,1,0,0.6,76.72%,161,FALSE,TRUE
1/1/18,,,,,1,,,1,1,,1,76.72%,162,FALSE,TRUE
1/2/18,,,,,,,,1,,,1,77.05%,163,FALSE,TRUE
1/3/18,1,1,,,1,,,,1,1,1,78.41%,164,FALSE,TRUE
1/4/18,,,,,,,,,,,1,79.05%,165,TRUE,TRUE
1/5/18,,,,,,,,1,1,,1,79.32%,166,FALSE,TRUE
1/6/18,1,0.75,,,0,1,,0.75,0.857142857,0.333333333,0.670068027,78.78%,167,FALSE,TRUE
1/7/18,1,0,,,0,,,,0,1,0.4,77.80%,168,FALSE,TRUE
1/8/18,0,1,,,0.5,1,,1,1,1,0.785714286,77.45%,169,FALSE,TRUE
1/9/18,,,,,,,,1,,,1,77.45%,170,FALSE,TRUE
1/10/18,,,,,,,,,,,1,77.45%,171,TRUE,TRUE
1/11/18,,,,,,,,,,,1,78.72%,172,TRUE,TRUE
1/12/18,1,0.666666667,1,,0.666666667,1,,1,1,1,0.916666667,79.65%,173,FALSE,TRUE
1/13/18,1,1,1,,,1,,1,1,1,1,80.88%,174,FALSE,TRUE
1/14/18,1,,,,,,,,,,1,80.88%,175,FALSE,TRUE
1/15/18,,1,,,0,,,1,1,1,0.8,81.37%,176,FALSE,TRUE
1/16/18,,,,,,,,,,,1,82.28%,177,TRUE,TRUE
1/17/18,,,,,,1,,,1,,1,83.43%,178,FALSE,TRUE
1/18/18,,,,,,,,1,0.5,,0.75,83.20%,179,FALSE,TRUE
1/19/18,1,0,,,,1,,1,1,1,0.833333333,83.71%,180,FALSE,TRUE
1/20/18,1,1,1,,,1,,1,1,1,1,84.86%,181,FALSE,TRUE
1/21/18,1,0,0.5,,,,,,1,,0.625,84.24%,182,FALSE,TRUE
1/22/18,,,,,0,,0,,1,,0.333333333,83.15%,183,FALSE,TRUE
1/23/18,,,,,,,,,,,1,83.46%,184,TRUE,TRUE
1/24/18,,1,,,,1,,1,,1,1,83.46%,185,FALSE,TRUE
1/25/18,,,,,,,,,,,1,83.73%,186,TRUE,TRUE
1/26/18,1,,,,,,,1,,,1,85.10%,187,FALSE,TRUE
1/27/18,0.5,1,1,,,1,,0.5,1,1,0.857142857,84.86%,188,FALSE,TRUE
1/28/18,1,,1,,,1,,,,,1,84.86%,189,FALSE,TRUE
1/29/18,1,,,,,,,,1,,1,84.86%,190,FALSE,TRUE
1/30/18,1,,,,,1,,1,1,1,1,84.86%,191,FALSE,TRUE
1/31/18,,,0,,,1,,1,1,1,0.8,84.53%,192,FALSE,TRUE
2/1/18,1,1,,,1,1,,,0,1,0.833333333,84.59%,193,FALSE,TRUE
2/2/18,1,,,,,,,,,,1,85.45%,194,FALSE,TRUE
2/3/18,1,0,1,,,1,,1,1,,0.833333333,85.99%,195,FALSE,TRUE
2/4/18,1,0.333333333,0.5,,,0.5,,,0.5,1,0.638888889,85.40%,196,FALSE,TRUE
2/5/18,,,,,1,,,1,,,1,85.40%,197,FALSE,TRUE
2/6/18,,1,,,,,,,,,1,85.40%,198,FALSE,TRUE
2/7/18,,,,,,,,,,,1,85.40%,199,TRUE,TRUE
2/8/18,1,,,,1,,1,1,1,1,1,85.71%,200,FALSE,TRUE
2/9/18,,1,,,,,,,,1,1,85.90%,201,FALSE,TRUE
2/10/18,1,,,,,,,1,,1,1,85.90%,202,FALSE,TRUE
2/11/18,1,,,,,,,,,,1,85.90%,203,FALSE,TRUE
2/12/18,,0,0.5,,,,,,0.333333333,0.5,0.333333333,84.80%,204,FALSE,TRUE
2/13/18,,,,,,,,,,,1,86.03%,205,TRUE,TRUE
2/14/18,,1,,,,1,,1,,,1,87.01%,206,FALSE,TRUE
2/15/18,1,,1,,,1,,1,1,1,1,87.59%,207,FALSE,TRUE
2/16/18,1,1,,,,0.5,1,0.75,1,,0.875,88.48%,208,FALSE,TRUE
2/17/18,1,0,1,,,0.8,,1,1,1,0.828571429,88.20%,209,FALSE,TRUE
2/18/18,1,,,,1,0,,,1,0.5,0.7,87.70%,210,FALSE,TRUE
2/19/18,1,1,,,,1,,1,1,,1,87.82%,211,FALSE,TRUE
2/20/18,,,,,,,,,,,1,87.82%,212,TRUE,TRUE
2/21/18,,,,,,,,,,,1,87.82%,213,TRUE,TRUE
2/22/18,1,,,,1,,,,1,,1,88.07%,214,FALSE,TRUE
2/23/18,1,1,,,1,1,1,1,1,,1,88.74%,215,FALSE,TRUE
2/24/18,1,1,1,,,1,,,1,1,1,89.56%,216,FALSE,TRUE
2/25/18,1,,,,,,,,1,,1,89.56%,217,FALSE,TRUE
2/26/18,,,,,1,0,,,1,1,0.75,89.15%,218,FALSE,TRUE
2/27/18,,1,,,,,,,,,1,89.15%,219,FALSE,TRUE
2/28/18,1,,,,1,,,1,1,1,1,89.31%,220,FALSE,TRUE
3/1/18,0.5,0.5,,,0,0,1,0,0,0.666666667,0.333333333,89.34%,221,FALSE,TRUE
3/2/18,1,1,,,,,,1,,,1,90.00%,222,FALSE,TRUE
3/3/18,1,,,,,,,,,,1,90.00%,223,FALSE,TRUE
3/4/18,1,,1,,,,,,1,,1,90.00%,224,FALSE,TRUE
3/5/18,,,,,,,,,1,,1,90.00%,225,FALSE,TRUE
3/6/18,,,,,,,,,,,1,90.00%,226,TRUE,TRUE
3/7/18,,1,,,1,,,1,1,1,1,90.00%,227,FALSE,TRUE
3/8/18,,,,,,,,,,,1,90.54%,228,TRUE,TRUE
3/9/18,1,,,,,,,1,,,1,91.52%,229,FALSE,TRUE
3/10/18,1,1,1,,1,,,1,,,1,91.87%,230,FALSE,TRUE
3/11/18,1,0,,,1,,,,,,0.666666667,91.32%,231,FALSE,TRUE
3/12/18,,,,,,,,,,,1,91.32%,232,TRUE,TRUE
3/13/18,,,,,,,,,,,1,91.32%,233,TRUE,TRUE
3/14/18,,1,,,1,,,1,1,1,1,91.46%,234,FALSE,TRUE
3/15/18,1,,,,1,,1,1,,,1,91.46%,235,FALSE,TRUE
3/16/18,1,1,,,,,,1,,1,1,91.46%,236,FALSE,TRUE
3/17/18,1,,1,,1,,,,,1,1,91.79%,237,FALSE,TRUE
3/18/18,1,1,1,,,,,1,1,,1,91.79%,238,FALSE,TRUE
3/19/18,,,,,,,,,,1,1,91.79%,239,FALSE,TRUE
3/20/18,,,,,1,,,,,,1,92.20%,240,FALSE,TRUE
3/21/18,0,1,,,,,,1,1,1,0.8,92.14%,241,FALSE,TRUE
3/22/18,,,,,,,,1,,,1,92.14%,242,FALSE,TRUE
3/23/18,1,1,,,,0,,1,,,0.75,92.35%,243,FALSE,TRUE
3/24/18,1,,1,,1,1,1,,,0.75,0.958333333,93.37%,244,FALSE,TRUE
3/25/18,0.5,,1,,,,,,1,1,0.875,93.17%,245,FALSE,TRUE
3/26/18,,1,,,1,,,1,1,1,1,93.17%,246,FALSE,TRUE
3/27/18,,,,,,,,,,,1,93.17%,247,TRUE,TRUE
3/28/18,,1,,,,0,,1,1,1,0.8,92.84%,248,FALSE,TRUE
3/29/18,1,1,1,,1,1,1,,1,0.666666667,0.958333333,93.01%,249,FALSE,TRUE
3/30/18,1,0.666666667,,,,1,,1,1,1,0.944444444,92.92%,250,FALSE,TRUE
3/31/18,1,,1,,,,,,1,,1,92.92%,251,FALSE,TRUE
4/1/18,0.75,0,1,,,0.5,,0,1,,0.541666667,92.16%,252,FALSE,TRUE
4/2/18,,1,,,1,1,,,1,1,1,92.49%,253,FALSE,TRUE
4/3/18,,,,,,,,,,,1,92.77%,254,TRUE,TRUE
4/4/18,1,1,,,1,1,,1,1,1,1,92.77%,255,FALSE,TRUE
4/5/18,1,,1,,1,,1,1,0.5,1,0.928571429,92.92%,256,FALSE,TRUE
4/6/18,1,1,,,1,1,,1,1,1,1,93.51%,257,FALSE,TRUE
4/7/18,1,,1,,,1,,1,1,1,1,93.51%,258,FALSE,TRUE
4/8/18,1,,,,1,,,,1,,1,93.51%,259,FALSE,TRUE
4/9/18,,1,,,,1,,1,,1,1,93.51%,260,FALSE,TRUE
4/10/18,,1,,,,,,,,,1,93.51%,261,FALSE,TRUE
4/11/18,,1,,,1,1,,1,1,,1,93.51%,262,FALSE,TRUE
4/12/18,1,1,1,,,0.5,1,1,1,1,0.9375,93.41%,263,FALSE,TRUE
4/13/18,1,1,1,,,1,,1,1,,1,93.41%,264,FALSE,TRUE
4/14/18,,,,,,,,1,,,1,94.50%,265,FALSE,TRUE
4/15/18,1,,1,,,,,,1,1,1,94.50%,266,FALSE,TRUE
4/16/18,1,1,,,,,,,1,1,1,94.50%,267,FALSE,TRUE
4/17/18,,1,,,,,,1,1,0,0.75,94.09%,268,FALSE,TRUE
4/18/18,1,1,,,1,,,0.5,0.666666667,1,0.861111111,94.07%,269,FALSE,TRUE
4/19/18,1,1,,,1,1,1,1,1,,1,94.35%,270,FALSE,TRUE
4/20/18,1,1,1,,1,1,,1,1,1,1,94.84%,271,FALSE,TRUE
4/21/18,1,,1,,,,,1,0.5,1,0.9,94.68%,272,FALSE,TRUE
4/22/18,1,,0,,,1,,,1,,0.75,94.27%,273,FALSE,TRUE
4/23/18,,,,,1,,,,1,0.666666667,0.888888889,94.09%,274,FALSE,TRUE
4/24/18,,,,,,,,1,1,,1,94.09%,275,FALSE,TRUE
4/25/18,1,,,,1,,,1,0.333333333,,0.833333333,93.82%,276,FALSE,TRUE
4/26/18,1,0.833333333,0.5,,,1,1,,1,1,0.904761905,93.66%,277,FALSE,TRUE
4/27/18,1,1,,,,1,,1,1,1,1,93.66%,278,FALSE,TRUE
4/28/18,0.666666667,,,,,0,,,1,,0.555555556,93.34%,279,FALSE,TRUE
4/29/18,0.75,0,1,,,,,,0.5,1,0.65,92.77%,280,FALSE,TRUE
4/30/18,,1,,,1,,,,1,1,1,92.77%,281,FALSE,TRUE
5/1/18,,,,,,,,1,,1,1,93.86%,282,FALSE,TRUE
5/2/18,0.5,1,0,,1,1,,1,1,1,0.8125,93.55%,283,FALSE,TRUE
5/3/18,0,,,,,,1,1,1,1,0.8,93.22%,284,FALSE,TRUE
5/4/18,1,1,,,,,,,,,1,93.22%,285,FALSE,TRUE
5/5/18,1,1,,,,1,,1,0.5,1,0.916666667,93.09%,286,FALSE,TRUE
5/6/18,1,,1,,,,,,,,1,93.09%,287,FALSE,TRUE
5/7/18,,,,,,,,,,,1,93.09%,288,TRUE,TRUE
5/8/18,,1,,,,,,1,,,1,93.09%,289,FALSE,TRUE
5/9/18,,,,0,,,,1,,,0.5,92.27%,290,FALSE,TRUE
5/10/18,,1,,,,1,,,,,1,92.27%,291,FALSE,TRUE
5/11/18,1,1,,,,,,,,,1,92.81%,292,FALSE,TRUE
5/12/18,1,0,,,,1,,1,0.333333333,1,0.722222222,92.36%,293,FALSE,TRUE
5/13/18,1,,,,,,,,1,,1,92.36%,294,FALSE,TRUE
5/14/18,,,1,,,,,,,,1,92.36%,295,FALSE,TRUE
5/15/18,1,,,,,,,,1,,1,92.36%,296,FALSE,TRUE
5/16/18,1,1,,,,1,,1,1,1,1,92.36%,297,FALSE,TRUE
5/17/18,1,0.75,,,1,,1,,1,1,0.958333333,92.29%,298,FALSE,TRUE
5/18/18,1,1,,,,1,,1,1,1,1,92.29%,299,FALSE,TRUE
5/19/18,0.333333333,,,,,,,1,1,1,0.833333333,92.02%,300,FALSE,TRUE
5/20/18,0.333333333,0,,,,,,,1,0,0.333333333,90.92%,301,FALSE,TRUE
5/21/18,1,,,,,,,,,0,0.5,90.43%,302,FALSE,TRUE
5/22/18,,1,,,,,,1,,,1,90.43%,303,FALSE,TRUE
5/23/18,1,,,,,,,,1,0,0.666666667,90.30%,304,FALSE,TRUE
5/24/18,,,,,,,1,,1,1,1,90.36%,305,FALSE,TRUE
5/25/18,1,1,,,,,,1,1,,1,90.57%,306,FALSE,TRUE
5/26/18,1,,,,,,,,,,1,90.57%,307,FALSE,TRUE
5/27/18,,,,,,,,,,,1,90.57%,308,TRUE,TRUE
5/28/18,,,,,,,,,,,1,90.90%,309,TRUE,TRUE
5/29/18,0,1,,,,,,1,1,,0.75,90.56%,310,FALSE,TRUE
5/30/18,0.5,,,,,,,0,1,,0.5,89.83%,311,FALSE,TRUE
5/31/18,,,0,,,,1,1,,1,0.75,89.42%,312,FALSE,TRUE
6/1/18,1,,,,,,,,1,,1,90.17%,313,FALSE,TRUE
6/2/18,,,,,,,,,,,1,90.17%,314,TRUE,TRUE
6/3/18,0.75,0,,,,0.666666667,,1,,0.5,0.583333333,89.49%,315,FALSE,TRUE
6/4/18,,,,,,,,,1,,1,89.49%,316,FALSE,TRUE
6/5/18,0.5,1,0,,,,,,,,0.5,88.78%,317,FALSE,TRUE
6/6/18,1,,,,1,,,1,0.5,,0.875,88.58%,318,FALSE,TRUE
6/7/18,1,1,1,,,,1,,1,,1,88.58%,319,FALSE,TRUE
6/8/18,,,,,,,1,,,,1,88.58%,320,FALSE,TRUE
6/9/18,1,,,,1,,,,,,1,88.58%,321,FALSE,TRUE
6/10/18,0.75,1,1,1,,0,,0.5,1,1,0.78125,88.22%,322,FALSE,TRUE
6/11/18,,0,,,,0,,,1,,0.333333333,87.13%,323,FALSE,TRUE
6/12/18,,,,,,,,0,1,,0.5,86.41%,324,FALSE,TRUE
6/13/18,1,,,,,,,1,1,,1,86.41%,325,FALSE,TRUE
6/14/18,1,1,1,,1,0.5,1,1,0.5,0.75,0.861111111,86.18%,326,FALSE,TRUE
6/15/18,0.5,,,,,,,1,1,,0.833333333,85.91%,327,FALSE,TRUE
6/16/18,1,,,,,,,,,,1,85.91%,328,FALSE,TRUE
6/17/18,1,,1,1,,1,,,1,,1,86.32%,329,FALSE,TRUE
6/18/18,1,,,,1,,,,0.666666667,0.5,0.791666667,86.20%,330,FALSE,TRUE
6/19/18,,1,,,,,,1,,1,1,86.20%,331,FALSE,TRUE
6/20/18,,,,,,,,1,,,1,86.20%,332,FALSE,TRUE
6/21/18,,,,,,,,,,,1,86.37%,333,TRUE,TRUE
6/22/18,1,,,,,,1,1,,,1,86.78%,334,FALSE,TRUE
6/23/18,1,1,1,0,,1,,1,1,1,0.875,86.76%,335,FALSE,TRUE
6/24/18,0.5,,,,,,,1,1,0,0.625,86.14%,336,FALSE,TRUE
6/25/18,0,,,,1,,,,1,1,0.75,86.00%,337,FALSE,TRUE
6/26/18,,1,1,,,,,1,1,0.5,0.9,86.00%,338,FALSE,TRUE
6/27/18,1,,,,,,,,1,1,1,86.00%,339,FALSE,TRUE
6/28/18,1,1,,,,1,,1,1,,1,86.72%,340,FALSE,TRUE
6/29/18,1,1,,,,1,1,1,1,1,1,87.30%,341,FALSE,TRUE
6/30/18,1,0,,,0,,,,,,0.333333333,86.21%,342,FALSE,TRUE
7/1/18,1,,,1,,,,,1,,1,86.21%,343,FALSE,TRUE
7/2/18,,,,,1,,,,1,1,1,86.51%,344,FALSE,TRUE
7/3/18,1,,,,,,,,,,1,86.84%,345,FALSE,TRUE
7/4/18,1,,,,,1,1,1,1,,1,86.84%,346,FALSE,TRUE
7/5/18,1,1,,,,,,1,1,1,1,86.98%,347,FALSE,TRUE
7/6/18,0.833333333,,,,,1,,,0.8,,0.877777778,86.78%,348,FALSE,TRUE
7/7/18,1,,1,,,,,,,,1,86.78%,349,FALSE,TRUE
7/8/18,1,,1,1,,,,,1,,1,86.78%,350,FALSE,TRUE
7/9/18,1,,,,,,,1,,,1,87.60%,351,FALSE,TRUE
7/10/18,,1,,,1,,,1,1,1,1,87.60%,352,FALSE,TRUE
7/11/18,1,1,,,,1,,1,1,1,1,87.60%,353,FALSE,TRUE
7/12/18,1,1,,,,,1,1,,1,1,88.05%,354,FALSE,TRUE
7/13/18,1,,1,,,1,,,1,1,1,88.05%,355,FALSE,TRUE
7/14/18,1,,1,1,,,,,1,,1,88.05%,356,FALSE,TRUE
7/15/18,1,,,,,,,,1,,1,88.05%,357,FALSE,TRUE
7/16/18,1,,0,,1,,,1,1,1,0.833333333,87.78%,358,FALSE,TRUE
7/17/18,,,0,,1,,,1,,1,0.75,87.44%,359,FALSE,TRUE
7/18/18,0.5,1,,,,,,1,1,1,0.9,87.27%,360,FALSE,TRUE
7/19/18,,,,,,,,1,,,1,87.55%,361,FALSE,TRUE
7/20/18,1,,,,,,,1,,,1,88.64%,362,FALSE,TRUE
7/21/18,0.666666667,,1,1,,,,,,0,0.666666667,88.91%,363,FALSE,TRUE
7/22/18,0.666666667,0,1,,,0.5,,0.5,1,1,0.666666667,88.37%,364,FALSE,TRUE
7/23/18,1,,,,1,0,,,1,1,0.8,88.58%,365,FALSE,TRUE
7/24/18,,,,,,,,,,,1,88.58%,366,TRUE,TRUE
7/25/18,,,,,,,,,,,1,88.58%,367,TRUE,TRUE
7/26/18,1,0,1,,,1,,1,1,,0.833333333,88.31%,368,FALSE,TRUE
7/27/18,1,1,,,,1,1,,,1,1,88.31%,369,FALSE,TRUE
7/28/18,1,,1,,0,,,1,1,,0.8,87.98%,370,FALSE,TRUE
7/29/18,,,,,,,,,,,1,88.39%,371,TRUE,TRUE
7/30/18,1,,,1,1,,,,0,1,0.8,88.89%,372,FALSE,TRUE
7/31/18,1,0,,0,,,,1,1,,0.6,88.64%,373,FALSE,TRUE
8/1/18,,,,,,,,,,,1,88.64%,374,TRUE,TRUE
8/2/18,,,,,,,,,1,,1,88.64%,375,FALSE,TRUE
8/3/18,,,,,,1,,,,,1,89.32%,376,FALSE,TRUE
8/4/18,,,,,,,1,,,,1,89.32%,377,FALSE,TRUE
8/5/18,0.5,,1,,,,,,,,0.75,89.73%,378,FALSE,TRUE
8/6/18,,,,,,,,,,,1,89.94%,379,TRUE,TRUE
8/7/18,,,,,,,,1,,,1,89.94%,380,FALSE,TRUE
8/8/18,,,,,,,,,,,1,89.94%,381,TRUE,TRUE
8/9/18,,,,,,,,,,,1,89.94%,382,TRUE,TRUE
8/10/18,0,,,,,,,,1,,0.5,89.48%,383,FALSE,TRUE
8/11/18,0.5,,1,,,,,1,1,,0.875,90.36%,384,FALSE,TRUE
8/12/18,0.6,,,1,,,0,,1,0,0.52,90.40%,385,FALSE,TRUE
8/13/18,0.25,0,,,1,,,,,1,0.5625,89.68%,386,FALSE,TRUE
8/14/18,,,,,,,,,,,1,89.91%,387,TRUE,TRUE
8/15/18,0.5,0.666666667,,,,,,1,0.333333333,,0.625,89.57%,388,FALSE,TRUE
8/16/18,1,,,,,,,1,,,1,89.57%,389,FALSE,TRUE
8/17/18,,,,,,,,,,,1,89.57%,390,TRUE,TRUE
8/18/18,0.5,0,,,,,,,,,0.25,88.68%,391,FALSE,TRUE
8/19/18,0.4,0.25,0,,,0,,0,1,0.333333333,0.283333333,87.50%,392,FALSE,TRUE
8/20/18,0,,,,,0,,0,0.333333333,,0.083333333,86.00%,393,FALSE,TRUE
8/21/18,1,,,,,,,,,,1,86.00%,394,FALSE,TRUE
8/22/18,0.333333333,1,,,,,,1,1,,0.833333333,85.73%,395,FALSE,TRUE
8/23/18,,,,,,,,,,,1,85.93%,396,TRUE,TRUE
8/24/18,1,1,,,,,,0.333333333,,0.5,0.708333333,86.07%,397,FALSE,TRUE
8/25/18,1,0,,,,,,,1,,0.666666667,85.93%,398,FALSE,TRUE
8/26/18,0.5,,,,,,,0,,,0.25,84.87%,399,FALSE,TRUE
8/27/18,,,,,,,,,,,1,84.87%,400,TRUE,TRUE
8/28/18,0,1,,,,,,1,,,0.666666667,84.32%,401,FALSE,TRUE
8/29/18,1,1,0,,,,,1,0.6,1,0.766666667,83.94%,402,FALSE,TRUE
8/30/18,1,,,,,,1,1,,,1,85.03%,403,FALSE,TRUE
8/31/18,1,,,,,,,1,,,1,85.03%,404,FALSE,TRUE
9/1/18,0.666666667,0.5,,,,1,0,0.333333333,1,,0.583333333,84.35%,405,FALSE,TRUE
9/2/18,1,1,1,1,,,,0,0,0,0.571428571,83.64%,406,FALSE,TRUE
9/3/18,0.333333333,1,0,,0.5,0,,1,0.4,0,0.404166667,82.67%,407,FALSE,TRUE
9/4/18,0,,,,,,,,1,,0.5,81.85%,408,FALSE,TRUE
9/5/18,,1,,,,1,,0.5,0.5,0.333333333,0.666666667,81.50%,409,FALSE,TRUE
9/6/18,1,,,,,1,1,0.333333333,1,,0.866666667,81.28%,410,FALSE,TRUE
9/7/18,1,1,,,,,,,1,,1,81.28%,411,FALSE,TRUE
9/8/18,1,,,,,,,1,1,,1,81.28%,412,FALSE,TRUE
9/9/18,1,,,,,,,1,,1,1,81.28%,413,FALSE,TRUE
9/10/18,,,,,,,,0,1,,0.5,80.46%,414,FALSE,TRUE
9/11/18,,1,0,,,,,1,1,0.5,0.7,79.97%,415,FALSE,TRUE
9/12/18,,,,,,,,,,,1,79.97%,416,TRUE,TRUE
9/13/18,1,1,,,,0,,1,0.5,1,0.75,79.56%,417,FALSE,TRUE
9/14/18,0.666666667,1,,1,0.5,,1,,0.333333333,,0.75,79.15%,418,FALSE,TRUE
9/15/18,,,,,,,,1,,,1,79.43%,419,FALSE,TRUE
9/16/18,1,,,,,,,1,,,1,79.84%,420,FALSE,TRUE
9/17/18,,0,,,,,,,0.5,0,0.166666667,78.63%,421,FALSE,TRUE
9/18/18,1,0.5,,,0,,,1,1,,0.7,78.14%,422,FALSE,TRUE
9/19/18,1,,,,1,1,,1,1,0.5,0.916666667,78.01%,423,FALSE,TRUE
9/20/18,,,,,,1,1,,,,1,78.55%,424,FALSE,TRUE
9/21/18,1,,,,,,,1,,,1,79.10%,425,FALSE,TRUE
9/22/18,1,,,,,,,,,,1,79.43%,426,FALSE,TRUE
9/23/18,0,0,,1,1,,,,0.5,0,0.416666667,78.47%,427,FALSE,TRUE
9/24/18,,,,,,,,,,1,1,78.47%,428,FALSE,TRUE
9/25/18,,1,,,,,,,,1,1,78.74%,429,FALSE,TRUE
9/26/18,,,,,,,,,,,1,78.74%,430,TRUE,TRUE
9/27/18,,,,,,1,,,1,1,1,79.07%,431,FALSE,TRUE
9/28/18,1,1,,,1,,,1,,,1,79.07%,432,FALSE,TRUE
9/29/18,0,1,,,1,,0,1,0,,0.5,78.58%,433,FALSE,TRUE
9/30/18,,,,,,,,,,,1,79.23%,434,TRUE,TRUE
10/1/18,0,,,1,,,,,0.666666667,0.5,0.541666667,78.48%,435,FALSE,TRUE
10/2/18,1,0,,,,,,1,,0,0.5,77.66%,436,FALSE,TRUE
10/3/18,1,,,,,,,,,,1,77.66%,437,FALSE,TRUE
10/4/18,1,,,,,,,,1,,1,77.66%,438,FALSE,TRUE
10/5/18,1,,,,,,,,,,1,78.07%,439,FALSE,TRUE
10/6/18,1,,,1,,,,,,,1,78.07%,440,FALSE,TRUE
10/7/18,0.5,,,,1,,,1,1,,0.875,77.87%,441,FALSE,TRUE
10/8/18,,,,,,,,,,,1,77.87%,442,TRUE,TRUE
10/9/18,,0,,,,,,1,1,,0.666666667,77.32%,443,FALSE,TRUE
10/10/18,,,,,,,,1,0,1,0.666666667,77.60%,444,FALSE,TRUE
10/11/18,1,,,,,,,1,1,,1,77.80%,445,FALSE,TRUE
10/12/18,,,,,,,,1,,,1,78.59%,446,FALSE,TRUE
10/13/18,,,,,,,,,1,,1,79.30%,447,FALSE,TRUE
10/14/18,1,,,,,,,,,,1,79.30%,448,FALSE,TRUE
10/15/18,0.5,,,,0,,,0,,0,0.125,78.48%,449,FALSE,TRUE
10/16/18,1,0,,,,,,1,0,0,0.4,77.50%,450,FALSE,TRUE
10/17/18,,,,,,,,,,,1,77.50%,451,TRUE,TRUE
10/18/18,,,,,,,,,1,,1,78.73%,452,FALSE,TRUE
10/19/18,,1,,,,,,,,,1,79.91%,453,FALSE,TRUE
10/20/18,1,,,,,,,1,0,,0.666666667,80.86%,454,FALSE,TRUE
10/21/18,1,,,,1,,,0,,,0.666666667,80.32%,455,FALSE,TRUE
10/22/18,0.333333333,0,,1,,0,,,0.5,1,0.472222222,79.72%,456,FALSE,TRUE
10/23/18,0,1,0,,,,,1,,,0.5,78.90%,457,FALSE,TRUE
10/24/18,1,1,,,,1,,1,1,1,1,79.38%,458,FALSE,TRUE
10/25/18,1,,,,,,,1,,,1,79.93%,459,FALSE,TRUE
10/26/18,1,1,,,,,,1,1,,1,81.16%,460,FALSE,TRUE
10/27/18,1,0.5,1,1,1,1,,0.666666667,0.75,1,0.87962963,80.96%,461,FALSE,TRUE
10/28/18,0.666666667,,,0,,,,,1,1,0.666666667,80.96%,462,FALSE,TRUE
10/29/18,0,0,,0,,0,0,1,0.5,0.75,0.28125,80.16%,463,FALSE,TRUE
10/30/18,,1,,0,,,,1,1,1,0.8,79.84%,464,FALSE,TRUE
10/31/18,0.25,1,1,,1,1,,0.5,1,1,0.84375,79.58%,465,FALSE,TRUE
11/1/18,1,1,1,0.5,1,,,0.666666667,1,0.5,0.833333333,79.99%,466,FALSE,TRUE
11/2/18,,1,,0,,,,1,,,0.666666667,80.15%,467,FALSE,TRUE
11/3/18,,,,,,,,,,,1,81.12%,468,TRUE,TRUE
11/4/18,1,,,,,,,,,,1,81.94%,469,FALSE,TRUE
11/5/18,0.5,,,,0,0,,,0.333333333,0,0.166666667,81.12%,470,FALSE,TRUE
11/6/18,0,,1,,,0,,1,,,0.5,80.52%,471,FALSE,TRUE
11/7/18,1,1,,,1,1,,,0.833333333,0.5,0.888888889,80.34%,472,FALSE,TRUE
11/8/18,1,,,,,,,1,1,,1,80.34%,473,FALSE,TRUE
11/9/18,,1,,1,,,,1,,,1,80.34%,474,FALSE,TRUE
11/10/18,1,,,,1,,0,1,1,1,0.833333333,80.89%,475,FALSE,TRUE
11/11/18,1,,,,,,,0,1,,0.666666667,80.83%,476,FALSE,TRUE
11/12/18,0.666666667,0,,,,0,,0,1,0.5,0.361111111,79.78%,477,FALSE,TRUE
11/13/18,,1,,0,,,,0.5,1,,0.625,79.58%,478,FALSE,TRUE
11/14/18,,,,,1,,,1,,1,1,79.99%,479,FALSE,TRUE
11/15/18,,,,,,,,,,1,1,79.99%,480,FALSE,TRUE
11/16/18,,1,,,,,,,,,1,79.99%,481,FALSE,TRUE
11/17/18,1,,,,,,0,1,0,,0.5,80.54%,482,FALSE,TRUE
11/18/18,,,,,1,,,,,,1,81.03%,483,FALSE,TRUE
11/19/18,,,,1,,,,,,0,0.5,80.34%,484,FALSE,TRUE
11/20/18,0,,,0,,,,1,0,,0.25,79.12%,485,FALSE,TRUE
11/21/18,1,,,,,,,,1,1,1,79.12%,486,FALSE,TRUE
11/22/18,,,,,,,,,,1,1,79.12%,487,FALSE,TRUE
11/23/18,1,1,,0.5,,,,1,,1,0.9,79.91%,488,FALSE,TRUE
11/24/18,,,,,1,1,0,,1,,0.75,79.50%,489,FALSE,TRUE
11/25/18,1,,,,,,0,,,0,0.333333333,78.40%,490,FALSE,TRUE
11/26/18,,0,0,,1,,,,1,0,0.4,77.42%,491,FALSE,TRUE
11/27/18,,1,1,,,1,,1,1,0,0.833333333,77.15%,492,FALSE,TRUE
11/28/18,1,1,,,1,1,,1,1,1,1,77.15%,493,FALSE,TRUE
11/29/18,,,,,,,,,,,1,77.97%,494,TRUE,TRUE
11/30/18,1,,,,,,,1,1,,1,77.97%,495,FALSE,TRUE
12/1/18,0.75,0.666666667,1,0,0.25,0.5,0,0,0.5,1,0.466666667,77.84%,496,FALSE,TRUE
12/2/18,,,,0.5,,,,1,1,,0.833333333,78.39%,497,FALSE,TRUE
12/3/18,,,,,1,0,,0,0.666666667,0.5,0.433333333,77.46%,498,FALSE,TRUE
12/4/18,0.5,1,,,,,,1,,,0.833333333,77.19%,499,FALSE,TRUE
12/5/18,,1,,,1,1,,1,0.5,1,0.916666667,77.05%,500,FALSE,TRUE
12/6/18,,1,,1,,1,1,,0.666666667,,0.933333333,76.94%,501,FALSE,TRUE
12/7/18,,1,,,,,,1,,,1,77.15%,502,FALSE,TRUE
12/8/18,,,,,1,,,1,1,,1,77.15%,503,FALSE,TRUE
12/9/18,1,,,,0,,,,1,,0.666666667,77.15%,504,FALSE,TRUE
12/10/18,0,,,,,,,0,0.5,0.25,0.1875,76.36%,505,FALSE,TRUE
12/11/18,,,,,,,,1,1,,1,76.36%,506,FALSE,TRUE
12/12/18,,1,,,1,,,,,1,1,76.36%,507,FALSE,TRUE
12/13/18,1,1,1,1,1,,1,1,1,1,1,76.36%,508,FALSE,TRUE
12/14/18,1,0.5,,,,,,1,,,0.833333333,76.09%,509,FALSE,TRUE
12/15/18,1,,,,,,,1,,,1,77.52%,510,FALSE,TRUE
12/16/18,1,1,,,1,0,,0,1,1,0.714285714,78.04%,511,FALSE,TRUE
12/17/18,,,,0,,,,0,1,0.5,0.375,77.01%,512,FALSE,TRUE
12/18/18,1,,,,,,,,,,1,77.01%,513,FALSE,TRUE
12/19/18,,,,,,,,,,,1,77.01%,514,TRUE,TRUE
12/20/18,,1,,,,,,,,,1,77.56%,515,FALSE,TRUE
12/21/18,1,1,,,,,,1,1,,1,78.11%,516,FALSE,TRUE
12/22/18,1,1,,,,,,,,,1,78.97%,517,FALSE,TRUE
12/23/18,0.666666667,0,,,1,,,1,0.333333333,,0.6,79.14%,518,FALSE,TRUE
12/24/18,1,,,0,,,,0,1,,0.5,78.32%,519,FALSE,TRUE
12/25/18,,,,,,,,1,0,1,0.666666667,77.77%,520,FALSE,TRUE
12/26/18,,,,,,,,,,,1,77.77%,521,TRUE,TRUE
12/27/18,1,,,,,,,0.5,0.333333333,,0.611111111,77.33%,522,FALSE,TRUE
12/28/18,1,0.5,1,1,1,,,0,0,0.666666667,0.645833333,77.30%,523,FALSE,TRUE
12/29/18,,,,,,,,1,,,1,78.47%,524,FALSE,TRUE
12/30/18,0.285714286,0,1,,0,1,,0,0.4,0.333333333,0.377380952,77.78%,525,FALSE,TRUE
12/31/18,,,,,,,,,0.5,,0.5,77.22%,526,FALSE,TRUE
1/1/19,0,1,,,1,,,1,1,1,0.833333333,77.22%,527,FALSE,TRUE
1/2/19,1,1,,,,,,,1,1,1,77.76%,528,FALSE,TRUE
1/3/19,1,,,,,,,,,,1,77.76%,529,FALSE,TRUE
1/4/19,0.6,1,,1,,,,1,,,0.9,77.60%,530,FALSE,TRUE
1/5/19,0.75,,,,,,,,1,,0.875,78.76%,531,FALSE,TRUE
1/6/19,0,,,,,1,,1,1,0.333333333,0.666666667,79.03%,532,FALSE,TRUE
1/7/19,,,,,,,,,1,,1,79.22%,533,FALSE,TRUE
1/8/19,,,,,,,,,,,1,79.22%,534,TRUE,TRUE
1/9/19,,,,,,,,,,,1,79.22%,535,TRUE,TRUE
1/10/19,,1,,,,,,1,,,1,79.49%,536,FALSE,TRUE
1/11/19,1,,,,,,,1,,,1,80.04%,537,FALSE,TRUE
1/12/19,1,0.5,,,0,1,,0.666666667,0.666666667,1,0.69047619,80.58%,538,FALSE,TRUE
1/13/19,,,,,,,,,,,1,81.19%,539,TRUE,TRUE
1/14/19,,,,,,,0,,1,0,0.333333333,80.10%,540,FALSE,TRUE
1/15/19,,0,,0,0,,,1,,,0.25,78.87%,541,FALSE,TRUE
1/16/19,1,1,,,,,,1,,,1,78.87%,542,FALSE,TRUE
1/17/19,,,,,,,1,,1,1,1,79.69%,543,FALSE,TRUE
1/18/19,1,0.5,,,1,,,0.666666667,0.6,1,0.794444444,79.35%,544,FALSE,TRUE
1/19/19,,,,,,,,1,,1,1,80.17%,545,FALSE,TRUE
1/20/19,1,,,,,,,,1,0.5,0.833333333,81.13%,546,FALSE,TRUE
1/21/19,,0,,0,,,,,1,1,0.5,80.31%,547,FALSE,TRUE
1/22/19,,,,,,,,,,,1,80.31%,548,TRUE,TRUE
1/23/19,,,,,,,,1,1,,1,80.47%,549,FALSE,TRUE
1/24/19,,,,,,,,1,0,,0.5,80.06%,550,FALSE,TRUE
1/25/19,,,,,,,,,,,1,81.15%,551,TRUE,TRUE
1/26/19,1,1,,,,,,,,,1,82.14%,552,FALSE,TRUE
1/27/19,0.8,0,0.5,0,0,,0,0.4,0.5,0.25,0.272222222,81.22%,553,FALSE,TRUE
1/28/19,,,,,,0,,,1,1,0.666666667,80.67%,554,FALSE,TRUE
1/29/19,,,,,,,,1,1,,1,80.67%,555,FALSE,TRUE
1/30/19,1,1,,,1,,,,0.5,1,0.9,80.51%,556,FALSE,TRUE
1/31/19,1,1,1,,1,,,,0.5,0,0.75,80.97%,557,FALSE,TRUE
2/1/19,1,,,,1,,,1,,,1,81.25%,558,FALSE,TRUE
2/2/19,0,,,,,,,1,,,0.5,81.36%,559,FALSE,TRUE
2/3/19,0.75,1,,0,,,0,,0,0,0.291666667,80.47%,560,FALSE,TRUE
2/4/19,,,,,,,,0.5,0.666666667,,0.583333333,79.92%,561,FALSE,TRUE
2/5/19,,,,,,,,,0.666666667,,0.666666667,79.48%,562,FALSE,TRUE
2/6/19,,,,,,,,1,1,1,1,79.48%,563,FALSE,TRUE
2/7/19,1,,,,,,,1,0.666666667,,0.888888889,79.30%,564,FALSE,TRUE
2/8/19,1,1,,,,,1,,1,,1,79.85%,565,FALSE,TRUE
2/9/19,,,,,,,,1,1,,1,81.18%,566,FALSE,TRUE
2/10/19,0.75,,1,0,,,,0,1,0.666666667,0.569444444,80.47%,567,FALSE,TRUE
2/11/19,0,0,,,,0,,0.5,0.666666667,,0.233333333,79.22%,568,FALSE,TRUE
2/12/19,,1,,,,,,1,0.75,0.5,0.8125,78.91%,569,FALSE,TRUE
2/13/19,1,,,,,,,1,0.75,0.4,0.7875,78.83%,570,FALSE,TRUE
2/14/19,,,,,,,,,1,,1,78.83%,571,FALSE,TRUE
2/15/19,1,1,,,,,,1,,1,1,79.30%,572,FALSE,TRUE
2/16/19,1,,1,,,,,1,0,,0.75,79.92%,573,FALSE,TRUE
2/17/19,1,0,,,1,,0,,0.5,0,0.416666667,78.96%,574,FALSE,TRUE
2/18/19,0.5,,,0,,,,,0.333333333,1,0.458333333,78.07%,575,FALSE,TRUE
2/19/19,0.5,1,,,,,,,,1,0.833333333,77.80%,576,FALSE,TRUE
2/20/19,1,1,,,1,,,1,1,1,1,77.80%,577,FALSE,TRUE
2/21/19,,,,,,,,,,,1,77.80%,578,TRUE,TRUE
2/22/19,,1,,,,,,1,,,1,78.46%,579,FALSE,TRUE
2/23/19,,,,,,,1,,1,,1,79.28%,580,FALSE,TRUE
2/24/19,1,,,0,,,,,1,,0.666666667,79.28%,581,FALSE,TRUE
2/25/19,1,,,,,,,0,0,,0.333333333,78.18%,582,FALSE,TRUE
2/26/19,,1,,,,,,1,,,1,78.82%,583,FALSE,TRUE
2/27/19,,,,,,,,,1,1,1,79.40%,584,FALSE,TRUE
2/28/19,,,,,,,,,1,,1,79.40%,585,FALSE,TRUE
3/1/19,1,,,,,,,1,,,1,80.42%,586,FALSE,TRUE
3/2/19,1,1,,,,,,1,1,,1,81.24%,587,FALSE,TRUE
3/3/19,0.666666667,0,,0,0,,0,0,1,0,0.208333333,80.22%,588,FALSE,TRUE
3/4/19,,,,,,,,,,,1,80.22%,589,TRUE,TRUE
3/5/19,,,,,,,,1,1,,1,80.22%,590,FALSE,TRUE
3/6/19,1,,,,,,,,1,,1,80.38%,591,FALSE,TRUE
3/7/19,1,,,,,,,,1,,1,80.59%,592,FALSE,TRUE
3/8/19,1,,,,,,,1,,,1,81.13%,593,FALSE,TRUE
3/9/19,1,,,,,,,,1,,1,81.13%,594,FALSE,TRUE
3/10/19,0.666666667,0,0.5,0,0,0,0,0,0.25,0.4,0.181666667,79.79%,595,FALSE,TRUE
3/11/19,,,,,,,,0,1,,0.5,78.97%,596,FALSE,TRUE
3/12/19,,,,,,,,1,,,1,78.97%,597,FALSE,TRUE
3/13/19,1,1,,,,,,1,0.428571429,0.5,0.785714286,78.62%,598,FALSE,TRUE
3/14/19,1,,,,,,1,,0.5,0,0.625,78.51%,599,FALSE,TRUE
3/15/19,,,,,1,,,1,,,1,78.51%,600,FALSE,TRUE
3/16/19,,,,,,,,,1,,1,79.60%,601,FALSE,TRUE
3/17/19,1,1,,,,,,1,1,,1,80.83%,602,FALSE,TRUE
3/18/19,1,,,,,,,0,0,,0.333333333,79.74%,603,FALSE,TRUE
3/19/19,1,1,,,,,,,,0,0.666666667,79.20%,604,FALSE,TRUE
3/20/19,1,,,,1,,,1,1,1,1,79.53%,605,FALSE,TRUE
3/21/19,,,,,,,,,1,,1,79.53%,606,FALSE,TRUE
3/22/19,,,,,,,,,,,1,79.81%,607,TRUE,TRUE
3/23/19,1,,,,,,,1,,,1,80.63%,608,FALSE,TRUE
3/24/19,1,0,,,,,0,,0.666666667,0,0.333333333,79.53%,609,FALSE,TRUE
3/25/19,0,,,0,,,,1,1,0,0.4,78.55%,610,FALSE,TRUE
3/26/19,0,0.666666667,,,,,,0.666666667,1,0.5,0.566666667,78.66%,611,FALSE,TRUE
3/27/19,1,,,1,1,,,0,,0,0.6,78.00%,612,FALSE,TRUE
3/28/19,,0,,1,1,,,,0,0.5,0.5,77.18%,613,FALSE,TRUE
3/29/19,1,,,,,,,,,,1,78.38%,614,FALSE,TRUE
3/30/19,,,,,,,,1,,,1,78.92%,615,FALSE,TRUE
3/31/19,,,,,,,,,,,1,78.92%,616,TRUE,TRUE
4/1/19,,,,,,,,,,,1,79.09%,617,TRUE,TRUE
4/2/19,0,0.5,,,,,,,1,,0.5,78.68%,618,FALSE,TRUE
4/3/19,,,,,,,,,,,1,78.68%,619,TRUE,TRUE
4/4/19,0.333333333,,,,,,,,1,,0.666666667,78.95%,620,FALSE,TRUE
4/5/19,,1,,,,,,,,,1,80.11%,621,FALSE,TRUE
4/6/19,,,,,,,,,,,1,80.79%,622,TRUE,TRUE
4/7/19,,,,,,,,,,,1,81.34%,623,TRUE,TRUE
4/8/19,,,,,,,,,,,1,81.34%,624,TRUE,TRUE
4/9/19,,,,,,,,,,,1,81.52%,625,TRUE,TRUE
4/10/19,,,,,,,,,,,1,81.52%,626,TRUE,TRUE
4/11/19,,,,,,,,,,,1,81.52%,627,TRUE,TRUE
4/12/19,1,,,,,,,1,1,,1,82.23%,628,FALSE,TRUE
4/13/19,1,0.5,1,,,,,0.666666667,0,,0.633333333,82.88%,629,FALSE,TRUE
4/14/19,0.333333333,0,,,0,,,0.5,0.571428571,0,0.234126984,81.94%,630,FALSE,TRUE
4/15/19,,0,,,0,1,,0,1,1,0.5,81.46%,631,FALSE,TRUE
4/16/19,1,,,,,,,,,,1,81.46%,632,FALSE,TRUE
4/17/19,0.666666667,1,,,,,,1,1,1,0.933333333,81.35%,633,FALSE,TRUE
4/18/19,1,,,,,,,,1,1,1,81.76%,634,FALSE,TRUE
4/19/19,,,,,0,,,1,0,,0.333333333,81.63%,635,FALSE,TRUE
4/20/19,1,0,,,,,,1,,,0.666666667,81.97%,636,FALSE,TRUE
4/21/19,1,,,,,,,,,,1,82.24%,637,FALSE,TRUE
4/22/19,1,,,,,,,0.5,,,0.75,81.83%,638,FALSE,TRUE
4/23/19,,,,,,,,,,,1,81.83%,639,TRUE,TRUE
4/24/19,,,,,,,,,1,,1,81.83%,640,FALSE,TRUE
4/25/19,,,,,,,,,,,1,81.83%,641,TRUE,TRUE
4/26/19,1,1,,,,0,1,1,0,,0.666666667,81.83%,642,FALSE,TRUE
4/27/19,1,0,1,0.5,0,0.5,,0.666666667,0.5,0.666666667,0.537037037,82.17%,643,FALSE,TRUE
4/28/19,,,,,,,,,1,,1,82.17%,644,FALSE,TRUE
4/29/19,,,,,,,,,,1,1,82.17%,645,FALSE,TRUE
4/30/19,,,,,1,,,1,,,1,82.17%,646,FALSE,TRUE
5/1/19,1,1,,,,,,,1,,1,82.17%,647,FALSE,TRUE
5/2/19,1,,,,,1,,,1,1,1,82.17%,648,FALSE,TRUE
5/3/19,1,,,,,,1,1,1,,1,83.46%,649,FALSE,TRUE
5/4/19,,,,,,,,,,,1,83.46%,650,TRUE,TRUE
5/5/19,,0,0.5,,,,,0.5,0.333333333,0.5,0.366666667,82.43%,651,FALSE,TRUE
5/6/19,,,,,,,,1,1,1,1,82.43%,652,FALSE,TRUE
5/7/19,,,,,,,,,1,,1,82.43%,653,FALSE,TRUE
5/8/19,0,,,,,0,,,1,0,0.25,81.20%,654,FALSE,TRUE
5/9/19,1,1,,,,,1,,,1,1,81.20%,655,FALSE,TRUE
5/10/19,1,0,,,,,,1,1,1,0.8,82.21%,656,FALSE,TRUE
5/11/19,1,0.5,1,,0,,,0.5,0.5,0.5,0.571428571,82.33%,657,FALSE,TRUE
5/12/19,1,,,0,,,,,1,1,0.75,81.92%,658,FALSE,TRUE
5/13/19,,,,,,,,0,1,,0.5,81.45%,659,FALSE,TRUE
5/14/19,,1,,,1,,,,1,1,1,82.06%,660,FALSE,TRUE
5/15/19,1,1,,,1,,,,1,1,1,82.06%,661,FALSE,TRUE
5/16/19,,,,1,,,1,1,,,1,82.06%,662,FALSE,TRUE
5/17/19,,,,,,,,,,,1,82.06%,663,TRUE,TRUE
5/18/19,1,,,,,,,,1,,1,83.16%,664,FALSE,TRUE
5/19/19,0.666666667,1,,,,0,,1,1,,0.733333333,83.27%,665,FALSE,TRUE
5/20/19,,,0,,,,,,0.666666667,1,0.555555556,82.54%,666,FALSE,TRUE
5/21/19,,,,,,,,,,,1,82.54%,667,TRUE,TRUE
5/22/19,,,,,,,,,,,1,82.54%,668,TRUE,TRUE
5/23/19,,,,,,,,,1,,1,82.54%,669,FALSE,TRUE
5/24/19,1,,,,,,,1,0,,0.666666667,83.08%,670,FALSE,TRUE
5/25/19,1,,,0,,,,0,0.5,0,0.3,82.92%,671,FALSE,TRUE
5/26/19,0,0,0.5,1,,,,0,0.833333333,0.5,0.404761905,82.66%,672,FALSE,TRUE
5/27/19,,1,,,,,,,,0.666666667,0.833333333,83.04%,673,FALSE,TRUE
5/28/19,0,1,,,1,,,,1,0,0.6,83.20%,674,FALSE,TRUE
5/29/19,1,1,,,,,,,1,1,1,83.20%,675,FALSE,TRUE
5/30/19,0.5,1,,,,,,1,,1,0.875,83.00%,676,FALSE,TRUE
5/31/19,,1,,,,,,1,1,,1,83.00%,677,FALSE,TRUE
6/1/19,1,,,,,,,1,,,1,83.00%,678,FALSE,TRUE
6/2/19,1,,1,0,,0,0,0.666666667,1,,0.523809524,83.04%,679,FALSE,TRUE
6/3/19,,0,,,,,,,0.5,1,0.5,82.22%,680,FALSE,TRUE
6/4/19,1,,,,,,,,1,,1,82.76%,681,FALSE,TRUE
6/5/19,0,,1,,,,,1,1,,0.75,82.35%,682,FALSE,TRUE
6/6/19,,,,,,,,,1,,1,82.35%,683,FALSE,TRUE
6/7/19,1,1,,,,,1,,,,1,82.35%,684,FALSE,TRUE
6/8/19,1,1,,,,,,,0.5,,0.833333333,82.08%,685,FALSE,TRUE
6/9/19,0.5,,,0,,,,,,0,0.166666667,80.71%,686,FALSE,TRUE
6/10/19,,,,,,,,,,,1,80.71%,687,TRUE,TRUE
6/11/19,,,,,,,,,,,1,80.71%,688,TRUE,TRUE
6/12/19,,1,,,,,,1,1,0,0.75,80.30%,689,FALSE,TRUE
6/13/19,1,,,,,,,,,,1,80.90%,690,FALSE,TRUE
6/14/19,,,,,,,,,,,1,82.16%,691,TRUE,TRUE
6/15/19,,,,,,,,,,,1,82.98%,692,TRUE,TRUE
6/16/19,1,,,,,,,,,,1,82.98%,693,FALSE,TRUE
6/17/19,,,,,,,,,,,1,83.09%,694,TRUE,TRUE
6/18/19,,,,,,,,,,,1,83.09%,695,TRUE,TRUE
6/19/19,,,,,,,,,,,1,84.18%,696,TRUE,TRUE
6/20/19,0,,1,,,,,,,1,0.666666667,84.18%,697,FALSE,TRUE
6/21/19,,1,,1,,,1,1,1,,1,84.18%,698,FALSE,TRUE
6/22/19,1,0,,,,,,1,0.5,0,0.5,83.77%,699,FALSE,TRUE
6/23/19,0.25,0,0.5,0,,,,0,0.75,1,0.357142857,82.72%,700,FALSE,TRUE
6/24/19,,,,,,,,,1,1,1,82.72%,701,FALSE,TRUE
6/25/19,,0,,,,,,,1,,0.5,81.90%,702,FALSE,TRUE
6/26/19,1,,,1,,,,,1,,1,82.44%,703,FALSE,TRUE
6/27/19,,,,,,,,,1,,1,83.20%,704,FALSE,TRUE
6/28/19,1,1,,,,,,,0.666666667,,0.888888889,83.02%,705,FALSE,TRUE
6/29/19,1,,,,,,0,,0.5,,0.5,82.20%,706,FALSE,TRUE
6/30/19,1,0,0,1,,,,0.25,1,0,0.464285714,81.32%,707,FALSE,TRUE
7/1/19,1,,,,,,,,1,1,1,81.32%,708,FALSE,TRUE
7/2/19,,,,,,,,,1,,1,81.32%,709,FALSE,TRUE
7/3/19,1,,,,,,,,1,,1,81.32%,710,FALSE,TRUE
7/4/19,0.333333333,0,1,0.5,,0,1,1,0.25,0,0.453703704,80.43%,711,FALSE,TRUE
7/5/19,,1,,,,,,,1,1,1,81.47%,712,FALSE,TRUE
7/6/19,0.666666667,0.2,1,,,1,,0,0.428571429,,0.549206349,80.73%,713,FALSE,TRUE
7/7/19,1,,,,,,,,,1,1,80.73%,714,FALSE,TRUE
7/8/19,,1,,,,,,1,1,,1,81.96%,715,FALSE,TRUE
7/9/19,,1,,,,,,1,,0,0.666666667,81.41%,716,FALSE,TRUE
7/10/19,,,,,,,,,,,1,81.74%,717,TRUE,TRUE
7/11/19,,,,,,,1,1,1,,1,82.44%,718,FALSE,TRUE
7/12/19,,,,,,,,,,,1,82.85%,719,TRUE,TRUE
7/13/19,1,0.2,1,,,,,0.666666667,1,1,0.811111111,83.36%,720,FALSE,TRUE
7/14/19,1,,,,,,,,1,1,1,83.36%,721,FALSE,TRUE
7/15/19,,,,,,,,,,,1,83.36%,722,TRUE,TRUE
7/16/19,1,1,,,,,,1,,,1,83.36%,723,FALSE,TRUE
7/17/19,1,1,,,,,,1,1,1,1,83.36%,724,FALSE,TRUE
7/18/19,1,,,,,,1,1,1,1,1,83.36%,725,FALSE,TRUE
7/19/19,1,1,,,,,,1,1,,1,83.80%,726,FALSE,TRUE
7/20/19,1,,,,,,,1,1,,1,84.53%,727,FALSE,TRUE
7/21/19,1,,,,,,,,1,,1,84.53%,728,FALSE,TRUE
7/22/19,,,,,,,,,,,1,84.53%,729,TRUE,TRUE
7/23/19,,1,,,,,,1,,,1,84.53%,730,FALSE,TRUE
7/24/19,,,,,,,,1,1,,1,85.07%,731,FALSE,TRUE
7/25/19,,,,,,,,1,,,1,86.22%,732,FALSE,TRUE
7/26/19,,1,,,,,,1,,1,1,87.20%,733,FALSE,TRUE
7/27/19,1,0,,,,,1,,1,,0.75,87.06%,734,FALSE,TRUE
7/28/19,1,,,,,,,,1,1,1,87.72%,735,FALSE,TRUE
7/29/19,0.75,1,,,,,,1,,0.5,0.8125,87.41%,736,FALSE,TRUE
7/30/19,,,,,,,,,,,1,87.61%,737,TRUE,TRUE
7/31/19,,1,,,,,1,1,1,1,1,87.61%,738,FALSE,TRUE
8/1/19,1,,,,,,,1,,,1,87.61%,739,FALSE,TRUE
8/2/19,1,,,,,,,1,1,,1,88.39%,740,FALSE,TRUE
8/3/19,1,,,,,,,,1,,1,89.21%,741,FALSE,TRUE
8/4/19,,0,,,,,,,1,,0.5,88.39%,742,FALSE,TRUE
8/5/19,,1,,,,,,,1,1,1,88.80%,743,FALSE,TRUE
8/6/19,0,1,,,,,,1,1,,0.75,88.39%,744,FALSE,TRUE
8/7/19,,1,,,,,,1,1,1,1,88.39%,745,FALSE,TRUE
8/8/19,1,,,,,,,1,1,1,1,88.67%,746,FALSE,TRUE
8/9/19,1,1,,,,,,1,1,,1,90.03%,747,FALSE,TRUE
8/10/19,0.666666667,,,,,,,,1,,0.833333333,89.76%,748,FALSE,TRUE
8/11/19,1,,,,,,,,1,,1,89.76%,749,FALSE,TRUE
8/12/19,,,,,,,,,,1,1,90.17%,750,FALSE,TRUE
8/13/19,,1,,,,,,1,,1,1,90.17%,751,FALSE,TRUE
8/14/19,,,,,,,,1,1,,1,90.17%,752,FALSE,TRUE
8/15/19,1,,,,,,,1,,1,1,90.17%,753,FALSE,TRUE
8/16/19,1,1,,,,,,1,1,,1,90.17%,754,FALSE,TRUE
8/17/19,1,,,,,,,,1,1,1,90.17%,755,FALSE,TRUE
8/18/19,,,,,,,,,1,,1,90.17%,756,FALSE,TRUE
8/19/19,0,,,,,,,1,,,0.5,89.35%,757,FALSE,TRUE
8/20/19,0.2,1,,,,,,,,,0.6,89.24%,758,FALSE,TRUE
8/21/19,,,,,,,,,,,1,89.24%,759,TRUE,TRUE