album,category,frequency,network
2 Dope Queens,comedy,w,WNYC
The Bugle,comedy,w,Radiotopia
Fake The Nation,comedy,w,Earwolf
Friday Night Comedy from BBC Radio 4,comedy,w,BBC
Homophilia,comedy,w,Earwolf
International Waters,comedy,w,Earwolf
Lovett or Leave It,comedy,w,Crooked
Spilled Milk,comedy,w,Indie
Throwing Shade,comedy,w,Earwolf
Wait Wait... Don't Tell Me!,comedy,w,NPR
Answer Me This!,comedy,w,Indie
"My Brother, My Brother And Me",comedy,w,Earwolf
Design and Architecture,design,w,KCRW
Monocle 24: Section D,design,w,Monocle
Monocle 24: The Urbanist,design,w,Monocle
99% Invisible,design,w,Radiotopia
Clever,design,w,Indie
Design Matters with Debbie Millman,design,w,Indie
Monocle 24: Monocle on Design,design,w,Monocle
Marketplace with Kai Ryssdal,finance,d,APM
FT News,finance,w,FT
Marketplace Weekend with Lizzie O'Leary,finance,w,APM
Planet Money,finance,w,NPR
Sooo Many White Guys,interview,w,WNYC
Crooked Conversations,interview,w,Crooked
Invisibilia,interview,w,NPR
RISK!,interview,w,Indie
This American Life,interview,w,CPM
How To Be Amazing with Michael Ian Black,interview,w,Indie
Composers Datebook,music,d,APM
KEXP Song of the Day,music,d,KEXP
Song of the Day,music,d,MPR
All Songs Considered,music,sw,NPR
KEXP Live Performances Podcast,music,w,KEXP
KEXP Presents Music That Matters,music,w,KEXP
Ninja Tune Podcast,music,w,NinjaTune
Tiny Desk Concerts - Audio,music,w,NPR
Song Exploder,music,w,Radiotopia
Monocle 24: The Monocle Daily,news,d,Monocle
The Daily,news,d,NYT
The Gist,news,d,Slate
Slate's The Gist,news,d,Slate
Pod Save America,news,sw,Crooked
Blabbermouth,news,w,TheStranger
FiveThirtyEight Politics,politics,w,ESPN
Slate's Political Gabfest,politics,w,Slate
Pod Save the World,politics,w,Crooked
Political Gabfest,politics,w,Slate
Code Switch,politics,w,NPR
Call Your Girlfriend,society,w,Indie
Pop Culture Happy Hour,society,w,NPR
The Cracked Podcast,society,w,Earwolf
Keep It!,society,w,Crooked
Monocle 24: The Monocle Weekly,society,w,Monocle
Pod Save the People,society,w,Crooked
Savage Lovecast,society,w,TheStranger
With Friends Like These,society,w,Crooked
No Such Thing As A Fish,society,w,Indie
Majority 54,society,w,Crooked
Note to Self,tech,w,WNYC
Freakonomics Radio,tech,w,WNYC
Good Bad Show,tech,w,Indie
On the Media,news,w,WNYC
Radiolab,tech,w,WNYC
The Allusionist,tech,w,Radiotopia
Data Skeptic,tech,w,Indie
Linear Digressions,tech,w,Indie
Reply All,tech,w,Gimlet
Science Vs,tech,w,Gimlet
Talking Machines,tech,w,Indie
Command Line Heroes,tech,w,Red Hat
Carbonite,tech,if,Carbonite
Politically Re-Active with W. Kamau Bell & Hari Kondabolu,politics,w,Earwolf
Adam Ruins Everything,tech,w,Earwolf
The Tim Ferriss Show,interview,sw,Indie
Design The Life You Love with Ayse Birsel,design,w,Indie
Tribe of Mentors,interview,if,Indie
Intelligence Squared,society,w,IQ2US
Global News Podcast,news,d,BBC
MSNBC Rachel Maddow,politics,d,MSNBC
Fresh Air,society,w,NPR
Unmistakable Creative,interview,w,Indie
The Stack Overflow Podcast,tech,if,StackOverflow
MSNBC Rachel Maddow (audio),news,d,MSNBC
My Dad Wrote A Porno,society,if,Indie
Adversarial Learning,tech,w,Indie
Philosophize This!,society,if,Indie
Partially Derivative,tech,if,Indie
What's The Point,tech,w,ESPN
Longform,interview,w,PRI
Nancy,society,w,WNYC
Becoming A Data Scientist Podcast,tech,if,Indie
Keepin' it 1600,politics,w,Crooked
Face the Nation on the Radio,politics,w,CBS
Katie Couric,interview,w,Indie
Design Matters,design,w,Indie
Design Matters with Debbie Millman: 2009-2016,design,w,Indie
Revisionist History,society,w,WNYC
KCRW's DnA: Design & Architecture,design,w,KCRW